เดือน,ปี ค.ศ.,ปี พ.ศ.,เลขเดือน,เดือนไทย,ปีเดือน,ไตรมาส
2015-01-01,2015,2558,1,ม.ค.,2015-01,1
2015-02-01,2015,2558,2,ก.พ.,2015-02,1
2015-03-01,2015,2558,3,มี.ค.,2015-03,1
2015-04-01,2015,2558,4,เม.ย.,2015-04,2
2015-05-01,2015,2558,5,พ.ค.,2015-05,2
2015-06-01,2015,2558,6,มิ.ย.,2015-06,2
2015-07-01,2015,2558,7,ก.ค.,2015-07,3
2015-08-01,2015,2558,8,ส.ค.,2015-08,3
2015-09-01,2015,2558,9,ก.ย.,2015-09,3
2015-10-01,2015,2558,10,ต.ค.,2015-10,4
2015-11-01,2015,2558,11,พ.ย.,2015-11,4
2015-12-01,2015,2558,12,ธ.ค.,2015-12,4
2016-01-01,2016,2559,1,ม.ค.,2016-01,1
2016-02-01,2016,2559,2,ก.พ.,2016-02,1
2016-03-01,2016,2559,3,มี.ค.,2016-03,1
2016-04-01,2016,2559,4,เม.ย.,2016-04,2
2016-05-01,2016,2559,5,พ.ค.,2016-05,2
2016-06-01,2016,2559,6,มิ.ย.,2016-06,2
2016-07-01,2016,2559,7,ก.ค.,2016-07,3
2016-08-01,2016,2559,8,ส.ค.,2016-08,3
2016-09-01,2016,2559,9,ก.ย.,2016-09,3
2016-10-01,2016,2559,10,ต.ค.,2016-10,4
2016-11-01,2016,2559,11,พ.ย.,2016-11,4
2016-12-01,2016,2559,12,ธ.ค.,2016-12,4
2017-01-01,2017,2560,1,ม.ค.,2017-01,1
2017-02-01,2017,2560,2,ก.พ.,2017-02,1
2017-03-01,2017,2560,3,มี.ค.,2017-03,1
2017-04-01,2017,2560,4,เม.ย.,2017-04,2
2017-05-01,2017,2560,5,พ.ค.,2017-05,2
2017-06-01,2017,2560,6,มิ.ย.,2017-06,2
2017-07-01,2017,2560,7,ก.ค.,2017-07,3
2017-08-01,2017,2560,8,ส.ค.,2017-08,3
2017-09-01,2017,2560,9,ก.ย.,2017-09,3
2017-10-01,2017,2560,10,ต.ค.,2017-10,4
2017-11-01,2017,2560,11,พ.ย.,2017-11,4
2017-12-01,2017,2560,12,ธ.ค.,2017-12,4
2018-01-01,2018,2561,1,ม.ค.,2018-01,1
2018-02-01,2018,2561,2,ก.พ.,2018-02,1
2018-03-01,2018,2561,3,มี.ค.,2018-03,1
2018-04-01,2018,2561,4,เม.ย.,2018-04,2
2018-05-01,2018,2561,5,พ.ค.,2018-05,2
2018-06-01,2018,2561,6,มิ.ย.,2018-06,2
2018-07-01,2018,2561,7,ก.ค.,2018-07,3
2018-08-01,2018,2561,8,ส.ค.,2018-08,3
2018-09-01,2018,2561,9,ก.ย.,2018-09,3
2018-10-01,2018,2561,10,ต.ค.,2018-10,4
2018-11-01,2018,2561,11,พ.ย.,2018-11,4
2018-12-01,2018,2561,12,ธ.ค.,2018-12,4
2019-01-01,2019,2562,1,ม.ค.,2019-01,1
2019-02-01,2019,2562,2,ก.พ.,2019-02,1
2019-03-01,2019,2562,3,มี.ค.,2019-03,1
2019-04-01,2019,2562,4,เม.ย.,2019-04,2
2019-05-01,2019,2562,5,พ.ค.,2019-05,2
2019-06-01,2019,2562,6,มิ.ย.,2019-06,2
2019-07-01,2019,2562,7,ก.ค.,2019-07,3
2019-08-01,2019,2562,8,ส.ค.,2019-08,3
2019-09-01,2019,2562,9,ก.ย.,2019-09,3
2019-10-01,2019,2562,10,ต.ค.,2019-10,4
2019-11-01,2019,2562,11,พ.ย.,2019-11,4
2019-12-01,2019,2562,12,ธ.ค.,2019-12,4
2020-01-01,2020,2563,1,ม.ค.,2020-01,1
2020-02-01,2020,2563,2,ก.พ.,2020-02,1
2020-03-01,2020,2563,3,มี.ค.,2020-03,1
2020-04-01,2020,2563,4,เม.ย.,2020-04,2
2020-05-01,2020,2563,5,พ.ค.,2020-05,2
2020-06-01,2020,2563,6,มิ.ย.,2020-06,2
2020-07-01,2020,2563,7,ก.ค.,2020-07,3
2020-08-01,2020,2563,8,ส.ค.,2020-08,3
2020-09-01,2020,2563,9,ก.ย.,2020-09,3
2020-10-01,2020,2563,10,ต.ค.,2020-10,4
2020-11-01,2020,2563,11,พ.ย.,2020-11,4
2020-12-01,2020,2563,12,ธ.ค.,2020-12,4
2021-01-01,2021,2564,1,ม.ค.,2021-01,1
2021-02-01,2021,2564,2,ก.พ.,2021-02,1
2021-03-01,2021,2564,3,มี.ค.,2021-03,1
2021-04-01,2021,2564,4,เม.ย.,2021-04,2
2021-05-01,2021,2564,5,พ.ค.,2021-05,2
2021-06-01,2021,2564,6,มิ.ย.,2021-06,2
2021-07-01,2021,2564,7,ก.ค.,2021-07,3
2021-08-01,2021,2564,8,ส.ค.,2021-08,3
2021-09-01,2021,2564,9,ก.ย.,2021-09,3
2021-10-01,2021,2564,10,ต.ค.,2021-10,4
2021-11-01,2021,2564,11,พ.ย.,2021-11,4
2021-12-01,2021,2564,12,ธ.ค.,2021-12,4
2022-01-01,2022,2565,1,ม.ค.,2022-01,1
2022-02-01,2022,2565,2,ก.พ.,2022-02,1
2022-03-01,2022,2565,3,มี.ค.,2022-03,1
2022-04-01,2022,2565,4,เม.ย.,2022-04,2
2022-05-01,2022,2565,5,พ.ค.,2022-05,2
2022-06-01,2022,2565,6,มิ.ย.,2022-06,2
2022-07-01,2022,2565,7,ก.ค.,2022-07,3
2022-08-01,2022,2565,8,ส.ค.,2022-08,3
2022-09-01,2022,2565,9,ก.ย.,2022-09,3
2022-10-01,2022,2565,10,ต.ค.,2022-10,4
2022-11-01,2022,2565,11,พ.ย.,2022-11,4
2022-12-01,2022,2565,12,ธ.ค.,2022-12,4
2023-01-01,2023,2566,1,ม.ค.,2023-01,1
2023-02-01,2023,2566,2,ก.พ.,2023-02,1
2023-03-01,2023,2566,3,มี.ค.,2023-03,1
2023-04-01,2023,2566,4,เม.ย.,2023-04,2
2023-05-01,2023,2566,5,พ.ค.,2023-05,2
2023-06-01,2023,2566,6,มิ.ย.,2023-06,2
2023-07-01,2023,2566,7,ก.ค.,2023-07,3
2023-08-01,2023,2566,8,ส.ค.,2023-08,3
2023-09-01,2023,2566,9,ก.ย.,2023-09,3
2023-10-01,2023,2566,10,ต.ค.,2023-10,4
2023-11-01,2023,2566,11,พ.ย.,2023-11,4
2023-12-01,2023,2566,12,ธ.ค.,2023-12,4
2024-01-01,2024,2567,1,ม.ค.,2024-01,1
2024-02-01,2024,2567,2,ก.พ.,2024-02,1
2024-03-01,2024,2567,3,มี.ค.,2024-03,1
2024-04-01,2024,2567,4,เม.ย.,2024-04,2
2024-05-01,2024,2567,5,พ.ค.,2024-05,2
2024-06-01,2024,2567,6,มิ.ย.,2024-06,2
2024-07-01,2024,2567,7,ก.ค.,2024-07,3
2024-08-01,2024,2567,8,ส.ค.,2024-08,3
2024-09-01,2024,2567,9,ก.ย.,2024-09,3
2024-10-01,2024,2567,10,ต.ค.,2024-10,4
2024-11-01,2024,2567,11,พ.ย.,2024-11,4
2024-12-01,2024,2567,12,ธ.ค.,2024-12,4
2025-01-01,2025,2568,1,ม.ค.,2025-01,1
2025-02-01,2025,2568,2,ก.พ.,2025-02,1
2025-03-01,2025,2568,3,มี.ค.,2025-03,1
2025-04-01,2025,2568,4,เม.ย.,2025-04,2
2025-05-01,2025,2568,5,พ.ค.,2025-05,2
2025-06-01,2025,2568,6,มิ.ย.,2025-06,2
2025-07-01,2025,2568,7,ก.ค.,2025-07,3
2025-08-01,2025,2568,8,ส.ค.,2025-08,3
2025-09-01,2025,2568,9,ก.ย.,2025-09,3
2025-10-01,2025,2568,10,ต.ค.,2025-10,4
2025-11-01,2025,2568,11,พ.ย.,2025-11,4
2025-12-01,2025,2568,12,ธ.ค.,2025-12,4
2026-01-01,2026,2569,1,ม.ค.,2026-01,1
2026-02-01,2026,2569,2,ก.พ.,2026-02,1
2026-03-01,2026,2569,3,มี.ค.,2026-03,1
2026-04-01,2026,2569,4,เม.ย.,2026-04,2
2026-05-01,2026,2569,5,พ.ค.,2026-05,2
2026-06-01,2026,2569,6,มิ.ย.,2026-06,2
2026-07-01,2026,2569,7,ก.ค.,2026-07,3
2026-08-01,2026,2569,8,ส.ค.,2026-08,3
2026-09-01,2026,2569,9,ก.ย.,2026-09,3
