เวลาที่เกิด,ขนาด,ความลึก,ตำแหน่ง,ภูมิภาค,ละติจูด,ลองจิจูด
2025-07-29 23:24:52.483,8.8,35,"2025 Kamchatka Peninsula, Russia Earthquake",Russia Earthquake,52.4948,160.2395
2015-09-16 22:54:32.86,8.3,22.44,"48 km W of Illapel, Chile",Chile,-31.5729,-71.6744
2021-07-29 06:15:49.188,8.2,35,"2021 Chignik, Alaska Earthquake",Alaska Earthquake,55.3635,-157.8876
2018-08-19 00:19:40.67,8.2,600,2018 Fiji Earthquake,2018 Fiji Earthquake,-18.1125,-178.153
2017-09-08 04:49:19.18,8.2,47.39,"2017 Tehuantepec, Mexico Earthquake",Mexico Earthquake,15.0222,-93.8993
2021-08-12 18:35:17.231,8.1,22.79,2021 South Sandwich Islands Earthquake,2021 South Sandwich Islands Earthquake,-58.3753,-25.2637
2021-03-04 19:28:33.178,8.1,28.93,"2021 Kermadec Islands, New Zealand Earthquake",New Zealand Earthquake,-29.7228,-177.2794
2019-05-26 07:41:15.073,8,122.57,"78 km NE of Navarro, Peru",Peru,-5.8119,-75.2697
2018-09-06 15:49:18.71,7.9,670.81,"45 km S of Levuka, Fiji",Fiji,-18.4743,179.3502
2018-01-23 09:31:40.89,7.9,14.06,"261 km SE of Chiniak, Alaska",Alaska,56.0039,-149.1658
2017-01-22 04:30:22.96,7.9,135,"35 km WNW of Panguna, Papua New Guinea",Papua New Guinea,-6.2464,155.1718
2016-12-17 10:51:10.5,7.9,94.54,"140 km E of Kokopo, Papua New Guinea",Papua New Guinea,-4.5049,153.5216
2026-08-14 21:58:21.561,7.8,10,"66 km NNW of Ende, Indonesia",Indonesia,-8.3358,121.3446
2026-06-07 23:37:41.97,7.8,56.991,"25 km SW of Kablalan, Philippines",Philippines,5.5994,125.056
2025-09-18 18:58:14.939,7.8,27,"140 km E of Petropavlovsk-Kamchatsky, Russia",Russia,53.1426,160.7206
2023-02-06 01:17:34.342,7.8,10,"Pazarcik earthquake, Kahramanmaras earthquake sequence",Kahramanmaras earthquake sequence,37.2256,37.0143
2020-07-22 06:12:44.81,7.8,28,"2020 Perryville, Alaska Earthquake",Alaska Earthquake,55.0715,-158.596
2016-12-08 17:38:46.28,7.8,40,"69 km WSW of Kirakira, Solomon Islands",Solomon Islands,-10.6812,161.3273
2016-11-13 11:02:56.34,7.8,15.11,"53 km NNE of Amberley, New Zealand",New Zealand,-42.7373,173.054
2016-04-16 23:58:36.98,7.8,20.59,"27 km SSE of Muisne, Ecuador",Ecuador,0.3819,-79.9218
