เดือน,จำนวนเหตุการณ์,ขนาดเฉลี่ย,ขนาดสูงสุด,เหตุการณ์ตั้งแต่ M5
2015-01-01,11139,1.60,6.8,121
2015-02-01,10231,1.56,7.1,123
2015-03-01,10472,1.57,7.5,113
2015-04-01,10567,1.57,7.8,112
2015-05-01,12195,1.62,7.8,178
2015-06-01,9013,1.66,7,105
2015-07-01,11068,1.71,7,137
2015-08-01,9965,1.72,6.6,117
2015-09-01,10750,1.89,8.3,211
2015-10-01,10089,1.71,7.5,92
2015-11-01,9232,1.80,7.6,151
2015-12-01,9092,1.76,7.2,111
2016-01-01,10084,1.76,7.2,132
2016-02-01,9864,1.65,6.4,104
2016-03-01,10514,1.54,7.8,105
2016-04-01,9968,1.74,7.8,159
2016-05-01,9883,1.62,7.2,94
2016-06-01,10941,1.54,6.6,126
2016-07-01,9725,1.65,7.7,128
2016-08-01,10829,1.62,7.4,154
2016-09-01,10647,1.71,7,178
2016-10-01,9317,1.64,6.8,107
2016-11-01,9392,1.78,7.8,172
2016-12-01,11337,1.70,7.9,247
2017-01-01,11373,1.55,7.9,152
2017-02-01,8146,1.59,6.9,111
2017-03-01,9159,1.62,6.6,136
2017-04-01,10614,1.60,6.9,136
2017-05-01,13626,1.73,6.8,151
2017-06-01,11450,1.47,6.9,100
2017-07-01,13142,1.46,7.7,111
2017-08-01,12209,1.42,6.6,122
2017-09-01,11579,1.68,8.2,146
2017-10-01,9979,1.56,6.7,123
2017-11-01,9921,1.64,7.3,166
2017-12-01,9612,1.55,6.5,112
2018-01-01,11511,1.71,7.9,131
2018-02-01,10617,1.71,7.5,155
2018-03-01,11127,1.62,6.9,143
2018-04-01,10502,1.60,6.8,98
2018-05-01,15370,1.71,6.9,139
2018-06-01,26502,1.95,6.1,99
2018-07-01,30571,1.98,6.4,117
2018-08-01,17435,1.76,8.2,196
2018-09-01,13355,1.58,7.9,187
2018-10-01,12055,1.63,7,191
2018-11-01,11156,1.57,7.1,121
2018-12-01,16793,1.70,7.5,191
2019-01-01,10962,1.68,6.8,162
2019-02-01,9347,1.73,7.5,104
2019-03-01,12244,1.60,7,139
2019-04-01,11686,1.55,6.8,141
2019-05-01,11406,1.49,8,116
2019-06-01,12427,1.47,7.3,159
2019-07-01,39013,1.55,7.2,154
2019-08-01,19347,1.32,6.9,104
2019-09-01,16143,1.41,6.7,140
2019-10-01,14987,1.46,6.6,135
2019-11-01,13377,1.51,7.1,158
2019-12-01,12852,1.62,6.8,133
2020-01-01,17320,1.80,7.7,160
2020-02-01,12374,1.56,7,109
2020-03-01,15632,1.38,7.5,121
2020-04-01,17615,1.33,6.6,106
2020-05-01,20481,1.52,6.8,119
2020-06-01,20871,1.42,7.4,130
2020-07-01,18932,1.45,7.8,105
2020-08-01,16190,1.46,6.9,137
2020-09-01,13845,1.47,6.9,119
2020-10-01,16136,1.64,7.6,142
2020-11-01,13587,1.64,6.4,89
2020-12-01,15231,1.61,6.7,113
2021-01-01,14992,1.76,7,149
2021-02-01,11593,1.81,7.7,274
2021-03-01,13313,1.89,8.1,364
2021-04-01,12341,1.66,6.6,144
2021-05-01,11596,1.67,7.3,143
2021-06-01,13941,1.59,6.5,107
2021-07-01,17629,1.53,8.2,149
2021-08-01,16457,1.76,8.1,335
2021-09-01,13256,1.64,7,142
2021-10-01,12070,1.68,7.3,113
2021-11-01,11315,1.71,7.5,134
2021-12-01,11143,1.86,7.3,173
2022-01-01,12700,1.73,6.8,165
2022-02-01,11508,1.72,6.8,140
2022-03-01,12483,1.74,7.3,194
2022-04-01,12094,1.67,6.6,136
2022-05-01,11789,1.58,7.2,144
2022-06-01,11487,1.65,6.5,113
2022-07-01,11967,1.71,7,134
2022-08-01,12624,1.67,6.6,122
2022-09-01,12677,1.71,7.6,157
2022-10-01,12663,1.63,6.7,119
2022-11-01,12301,1.73,7.3,165
2022-12-01,12557,1.66,6.8,136
2023-01-01,11987,1.70,7.6,137
2023-02-01,11548,1.67,7.8,156
2023-03-01,15541,1.59,7,120
2023-04-01,13065,1.55,7.1,130
2023-05-01,12480,1.67,7.7,174
2023-06-01,12211,1.54,7.2,131
2023-07-01,12601,1.51,7.2,108
2023-08-01,12445,1.55,7.1,106
2023-09-01,11008,1.64,6.8,117
2023-10-01,11673,1.74,6.9,179
2023-11-01,11059,1.76,7.1,141
2023-12-01,12286,1.93,7.6,281
2024-01-01,12252,1.69,7.5,133
2024-02-01,14704,1.35,6.3,104
2024-03-01,13533,1.29,6.9,122
2024-04-01,13671,1.45,7.4,181
2024-05-01,13317,1.45,6.6,129
2024-06-01,12953,1.50,7.2,109
2024-07-01,12877,1.60,7.4,114
2024-08-01,12639,1.61,7.1,105
2024-09-01,11909,1.56,6.5,125
2024-10-01,11697,1.60,6.6,121
2024-11-01,9851,1.63,6.8,112
2024-12-01,12780,1.68,7.3,152
2025-01-01,11395,1.66,7.1,152
2025-02-01,11291,1.54,7.6,129
2025-03-01,11600,1.60,7.7,115
2025-04-01,10960,1.59,6.9,156
2025-05-01,10106,1.61,7.4,143
2025-06-01,10302,1.63,6.6,118
2025-07-01,16268,1.87,8.8,413
2025-08-01,12306,1.80,7.5,219
2025-09-01,11159,1.60,7.8,194
2025-10-01,8720,1.84,7.6,178
2025-11-01,9498,1.74,6.8,153
2025-12-01,13638,1.87,7.6,158
2026-01-01,12889,1.76,6.5,179
2026-02-01,10111,1.79,7.1,113
2026-03-01,12010,1.75,7.5,159
2026-04-01,11777,1.78,7.4,169
2026-05-01,11403,1.69,6.9,118
2026-06-01,11579,1.76,7.8,180
2026-07-01,11896,1.80,7.3,228
2026-08-01,12038,1.76,7.8,190
2026-09-01,10779,1.69,6.6,164
