จังหวัด,ผู้ป่วยสะสม,อันดับ
กรุงเทพมหานคร,761105,1
สมุทรปราการ,230462,2
ชลบุรี,222456,3
สมุทรสาคร,166786,4
นนทบุรี,136961,5
นครศรีธรรมราช,124364,6
สงขลา,101548,7
ระยอง,86509,8
ราชบุรี,84472,9
ปทุมธานี,82802,10
นครราชสีมา,79802,11
นครปฐม,79790,12
ฉะเชิงเทรา,76516,13
ขอนแก่น,76371,14
ภูเก็ต,71764,15
พระนครศรีอยุธยา,67583,16
เชียงใหม่,66270,17
บุรีรัมย์,59787,18
ปัตตานี,59634,19
ยะลา,58245,20
อุบลราชธานี,57155,21
สระบุรี,53041,22
อุดรธานี,52837,23
ร้อยเอ็ด,50755,24
นราธิวาส,50337,25
กาญจนบุรี,50187,26
ปราจีนบุรี,50036,27
สุพรรณบุรี,47657,28
สุราษฎร์ธานี,47505,29
ศรีสะเกษ,47398,30
สุรินทร์,46141,31
เพชรบุรี,42810,32
ประจวบคีรีขันธ์,42779,33
จันทบุรี,40574,34
นครสวรรค์,39754,35
ตาก,37467,36
พัทลุง,37341,37
สระแก้ว,36806,38
มหาสารคาม,35865,39
ลพบุรี,33323,40
กาฬสินธุ์,31202,41
ชัยภูมิ,29772,42
ชุมพร,29050,43
พิษณุโลก,28126,44
ตรัง,27788,45
หนองคาย,26053,46
สกลนคร,25903,47
อ่างทอง,25591,48
สมุทรสงคราม,25316,49
กำแพงเพชร,24623,50
กระบี่,24568,51
เพชรบูรณ์,23588,52
นครนายก,23190,53
สุโขทัย,20835,54
ระนอง,20149,55
เลย,20064,56
สตูล,19330,57
พังงา,17700,58
ตราด,17223,59
ยโสธร,17065,60
นครพนม,16231,61
น่าน,14469,62
หนองบัวลำภู,14313,63
ลำปาง,13488,64
บึงกาฬ,12333,65
อุตรดิตถ์,12086,66
อุทัยธานี,11953,67
แพร่,11005,68
พิจิตร,10670,69
เชียงราย,10633,70
สิงห์บุรี,10494,71
อำนาจเจริญ,9313,72
มุกดาหาร,8687,73
พะเยา,8338,74
ชัยนาท,6914,75
กทม,5937,76
แม่ฮ่องสอน,5839,77
ลำพูน,5693,78
ไม่ระบุ,3956,79
ภููเก็ต,1,80
