วันที่,ผู้ป่วยรายวัน,เฉลี่ย 7 วัน
2020-01-12,1,1.0
2020-01-17,1,1.0
2020-01-22,2,1.3
2020-01-24,1,1.3
2020-01-25,1,1.2
2020-01-26,2,1.3
2020-01-28,6,2.0
2020-01-31,5,2.6
2020-02-04,6,3.3
2020-02-08,7,4.0
2020-02-11,1,4.0
2020-02-15,1,4.0
2020-02-17,1,3.9
2020-02-25,2,3.3
2020-02-26,3,3.0
2020-02-28,1,2.3
2020-02-29,1,1.4
2020-03-02,1,1.4
2020-03-05,4,1.9
2020-03-06,1,1.9
2020-03-07,2,1.9
2020-03-10,3,1.9
2020-03-11,6,2.6
2020-03-12,13,4.3
2020-03-13,3,4.6
2020-03-14,7,5.0
2020-03-15,32,9.4
2020-03-16,33,13.9
2020-03-17,30,17.7
2020-03-18,35,21.9
2020-03-19,60,28.6
2020-03-20,50,35.3
2020-03-21,89,47.0
2020-03-22,188,69.3
2020-03-23,122,82.0
2020-03-24,106,92.9
2020-03-25,107,103.1
2020-03-26,111,110.4
2020-03-27,91,116.3
2020-03-28,108,119.0
2020-03-29,141,112.3
2020-03-30,138,114.6
2020-03-31,128,117.7
2020-04-01,120,119.6
2020-04-02,104,118.6
2020-04-03,103,120.3
2020-04-04,89,117.6
2020-04-05,102,112.0
2020-04-06,51,99.6
2020-04-07,38,86.7
2020-04-08,111,85.4
2020-04-09,54,78.3
2020-04-10,50,70.7
2020-04-11,45,64.4
2020-04-12,33,54.6
2020-04-13,28,51.3
2020-04-14,34,50.7
2020-04-15,30,39.1
2020-04-16,29,35.6
2020-04-17,28,32.4
2020-04-18,33,30.7
2020-04-19,32,30.6
2020-04-20,27,30.4
2020-04-21,19,28.3
2020-04-22,15,26.1
2020-04-23,13,23.9
2020-04-24,15,22.0
2020-04-25,53,24.9
2020-04-26,15,22.4
2020-04-27,9,19.9
2020-04-28,7,18.1
2020-04-29,9,17.3
2020-04-30,7,16.4
2020-05-01,6,15.1
2020-05-02,6,8.4
2020-05-03,3,6.7
2020-05-04,18,8.0
2020-05-05,1,7.1
2020-05-06,1,6.0
2020-05-07,3,5.4
2020-05-08,8,5.7
2020-05-09,4,5.4
2020-05-10,5,5.7
2020-05-11,6,4.0
2020-05-12,2,4.1
2020-05-14,1,4.1
2020-05-15,7,4.7
2020-05-17,3,4.0
2020-05-18,3,3.9
2020-05-19,2,3.4
2020-05-20,1,2.7
2020-05-21,3,2.9
2020-05-23,3,3.1
2020-05-25,2,2.4
2020-05-26,3,2.4
2020-05-27,9,3.3
2020-05-28,11,4.6
2020-05-29,11,6.0
2020-05-30,1,5.7
2020-05-31,4,5.9
2020-06-01,1,5.7
2020-06-02,1,5.4
2020-06-03,1,4.3
2020-06-04,17,5.1
2020-06-05,1,3.7
2020-06-06,2,3.9
2020-06-07,8,4.4
2020-06-08,7,5.3
2020-06-09,2,5.4
2020-06-10,4,5.9
2020-06-12,4,4.0
2020-06-13,5,4.6
2020-06-14,1,4.4
2020-06-18,6,4.1
2020-06-19,5,3.9
2020-06-20,1,3.7
2020-06-21,1,3.3
2020-06-22,3,3.1
2020-06-23,5,3.1
2020-06-24,1,3.1
2020-06-25,1,2.4
2020-06-26,4,2.3
2020-06-29,7,3.1
2020-06-30,2,3.3
2020-07-01,2,3.1
2020-07-02,6,3.3
2020-07-03,1,3.3
2020-07-04,5,3.9
2020-07-05,5,4.0
2020-07-06,5,3.7
2020-07-08,2,3.7
2020-07-09,5,4.1
2020-07-11,14,5.3
2020-07-12,1,5.3
2020-07-13,3,5.0
2020-07-14,7,5.3
2020-07-15,5,5.3
2020-07-16,4,5.6
2020-07-17,3,5.3
2020-07-18,7,4.3
2020-07-19,3,4.6
2020-07-20,1,4.3
2020-07-21,5,4.0
2020-07-22,6,4.1
2020-07-23,8,4.7
2020-07-24,10,5.7
2020-07-25,3,5.1
2020-07-26,9,6.0
2020-07-27,4,6.4
2020-07-28,2,6.0
2020-07-29,1,5.3
2020-07-30,6,5.0
2020-07-31,6,4.4
2020-08-01,2,4.3
2020-08-02,5,3.7
2020-08-03,3,3.6
2020-08-04,1,3.4
2020-08-05,7,4.3
2020-08-06,2,3.7
2020-08-07,15,5.0
2020-08-08,3,5.1
2020-08-09,3,4.9
2020-08-12,5,5.1
2020-08-13,3,5.4
2020-08-14,17,6.9
2020-08-16,1,6.7
2020-08-17,1,4.7
2020-08-18,3,4.7
2020-08-19,1,4.4
2020-08-20,7,4.7
2020-08-21,1,4.4
2020-08-23,5,2.7
2020-08-24,2,2.9
2020-08-25,5,3.4
2020-08-26,1,3.1
2020-08-27,1,3.1
2020-08-28,6,3.0
2020-08-29,1,3.0
2020-08-31,1,2.4
2020-09-01,5,2.9
2020-09-02,8,3.3
2020-09-03,2,3.4
2020-09-04,4,3.9
2020-09-05,7,4.0
2020-09-06,6,4.7
2020-09-07,1,4.7
2020-09-08,1,4.1
2020-09-09,1,3.1
2020-09-10,7,3.9
2020-09-11,7,4.3
2020-09-12,5,4.0
2020-09-13,7,4.1
2020-09-14,2,4.3
2020-09-15,5,4.9
2020-09-16,10,6.1
2020-09-18,7,6.1
2020-09-19,3,5.6
2020-09-20,6,5.7
2020-09-22,5,5.4
2020-09-23,3,5.6
2020-09-24,2,5.1
2020-09-25,3,4.1
2020-09-26,3,3.6
2020-09-27,1,3.3
2020-09-28,22,5.6
2020-09-29,14,6.9
2020-09-30,5,7.1
2020-10-01,5,7.6
2020-10-02,6,8.0
2020-10-03,8,8.7
2020-10-04,2,8.9
2020-10-05,5,6.4
2020-10-06,10,5.9
2020-10-07,15,7.3
2020-10-08,7,7.6
2020-10-09,6,7.6
2020-10-10,6,7.3
2020-10-11,2,7.3
2020-10-12,5,7.3
2020-10-13,2,6.1
2020-10-14,9,5.3
2020-10-15,13,6.1
2020-10-16,4,5.9
2020-10-17,10,6.4
2020-10-18,7,7.1
2020-10-19,5,7.1
2020-10-20,9,8.1
2020-10-21,9,8.1
2020-10-22,10,7.7
2020-10-23,8,8.3
2020-10-24,4,7.4
2020-10-25,5,7.1
2020-10-26,7,7.4
2020-10-27,3,6.6
2020-10-28,12,7.0
2020-10-29,5,6.3
2020-10-30,12,6.9
2020-10-31,5,7.0
2020-11-01,4,6.9
2020-11-02,3,6.3
2020-11-03,10,7.3
2020-11-04,7,6.6
2020-11-05,6,6.7
2020-11-06,8,6.1
2020-11-07,12,7.1
2020-11-08,7,7.6
2020-11-09,3,7.6
2020-11-10,4,6.7
2020-11-11,3,6.1
2020-11-12,5,6.0
2020-11-13,9,6.1
2020-11-14,5,5.1
2020-11-15,8,5.3
2020-11-16,1,5.0
2020-11-17,3,4.9
2020-11-18,2,4.7
2020-11-19,8,5.1
2020-11-20,4,4.4
2020-11-21,10,5.1
2020-11-22,11,5.6
2020-11-23,7,6.4
2020-11-24,2,6.3
2020-11-25,4,6.6
2020-11-26,16,7.7
2020-11-27,19,9.9
2020-11-28,5,9.1
2020-11-29,11,9.1
2020-11-30,21,11.1
2020-12-01,10,12.3
2020-12-02,18,14.3
2020-12-03,13,13.9
2020-12-04,14,13.1
2020-12-05,19,15.1
2020-12-06,14,15.6
2020-12-07,21,15.6
2020-12-08,19,16.9
2020-12-09,25,17.9
2020-12-10,18,18.6
2020-12-11,11,18.1
2020-12-12,12,17.1
2020-12-13,17,17.6
2020-12-14,28,18.6
2020-12-15,9,17.1
2020-12-16,15,15.7
2020-12-17,20,16.0
2020-12-18,16,16.7
2020-12-19,34,19.9
2020-12-20,576,99.7
2020-12-21,382,150.3
2020-12-22,427,210.0
2020-12-23,46,214.4
2020-12-24,67,221.1
2020-12-25,81,230.4
2020-12-26,110,241.3
2020-12-27,121,176.3
2020-12-28,144,142.3
2020-12-29,155,103.4
2020-12-30,250,132.6
2020-12-31,194,150.7
2021-01-01,279,179.0
2021-01-02,216,194.1
2021-01-03,315,221.9
2021-01-04,745,307.7
2021-01-05,527,360.9
2021-01-06,365,377.3
2021-01-07,305,393.1
2021-01-08,205,382.6
2021-01-09,212,382.0
2021-01-10,245,372.0
2021-01-11,249,301.1
2021-01-12,287,266.9
2021-01-13,157,237.1
2021-01-14,271,232.3
2021-01-15,188,229.9
2021-01-16,230,232.4
2021-01-17,374,250.9
2021-01-18,369,268.0
2021-01-19,171,251.4
2021-01-20,59,237.4
2021-01-21,142,219.0
2021-01-22,309,236.3
2021-01-23,198,231.7
2021-01-24,198,206.6
2021-01-25,187,180.6
2021-01-26,959,293.1
2021-01-27,819,401.7
2021-01-28,756,489.4
2021-01-29,802,559.9
2021-01-30,930,664.4
2021-01-31,829,754.6
2021-02-01,836,847.3
2021-02-02,836,829.7
2021-02-03,795,826.3
2021-02-04,809,833.9
2021-02-05,586,803.0
2021-02-06,490,740.1
2021-02-07,237,655.6
2021-02-08,186,562.7
2021-02-09,189,470.3
2021-02-10,157,379.1
2021-02-11,201,292.3
2021-02-12,175,233.6
2021-02-13,126,181.6
2021-02-14,166,171.4
2021-02-15,143,165.3
2021-02-16,72,148.6
2021-02-17,175,151.1
2021-02-18,150,143.9
2021-02-19,130,137.4
2021-02-20,82,131.1
2021-02-21,92,120.6
2021-02-22,89,112.9
2021-02-23,95,116.1
2021-02-24,93,104.4
2021-02-25,72,93.3
2021-02-26,45,81.1
2021-02-27,72,79.7
2021-02-28,70,76.6
2021-03-01,80,75.3
2021-03-02,42,67.7
2021-03-03,35,59.4
2021-03-04,54,56.9
2021-03-05,79,61.7
2021-03-06,64,60.6
2021-03-07,65,59.9
2021-03-08,71,58.6
2021-03-09,60,61.1
2021-03-10,39,61.7
2021-03-11,58,62.3
2021-03-12,81,62.6
2021-03-13,78,64.6
2021-03-14,170,79.6
2021-03-15,78,80.6
2021-03-16,149,93.3
2021-03-17,248,123.1
2021-03-18,92,128.0
2021-03-19,100,130.7
2021-03-20,119,136.6
2021-03-21,90,125.1
2021-03-22,73,124.4
2021-03-23,401,160.4
2021-03-24,69,134.9
2021-03-25,97,135.6
2021-03-26,134,140.4
2021-03-27,80,134.9
2021-03-28,77,133.0
2021-03-29,39,128.1
2021-03-30,48,77.7
2021-03-31,42,73.9
2021-04-01,26,63.7
2021-04-02,58,52.9
2021-04-03,84,53.4
2021-04-04,96,56.1
2021-04-05,194,78.3
2021-04-06,250,107.1
2021-04-07,334,148.9
2021-04-08,405,203.0
2021-04-09,559,274.6
2021-04-10,789,375.3
2021-04-11,967,499.7
2021-04-12,984,612.6
2021-04-13,964,714.6
2021-04-14,1338,858.0
2021-04-15,1546,1021.0
2021-04-16,1581,1167.0
2021-04-17,1547,1275.3
2021-04-18,1766,1389.4
2021-04-19,1391,1447.6
2021-04-20,1443,1516.0
2021-04-21,1458,1533.1
2021-04-22,1470,1522.3
2021-04-23,2070,1592.1
2021-04-24,2839,1776.7
2021-04-25,2438,1872.7
2021-04-26,2048,1966.6
2021-04-27,2179,2071.7
2021-04-28,2012,2150.9
2021-04-29,1871,2208.1
2021-04-30,1583,2138.6
2021-05-01,1891,2003.1
2021-05-02,1940,1932.0
2021-05-03,2041,1931.0
2021-05-04,1763,1871.6
2021-05-05,2112,1885.9
2021-05-06,1911,1891.6
2021-05-07,2044,1957.4
2021-05-08,2419,2032.9
2021-05-09,2101,2055.9
2021-05-10,1630,1997.1
2021-05-11,1919,2019.4
2021-05-12,1983,2001.0
2021-05-13,4887,2426.1
2021-05-14,2256,2456.4
2021-05-15,3095,2553.0
2021-05-16,2302,2581.7
2021-05-17,9635,3725.3
2021-05-18,2473,3804.4
2021-05-19,3394,4006.0
2021-05-20,2636,3684.4
2021-05-21,3481,3859.4
2021-05-22,3052,3853.3
2021-05-23,3382,4007.6
2021-05-24,2713,3018.7
2021-05-25,3226,3126.3
2021-05-26,2455,2992.1
2021-05-27,3323,3090.3
2021-05-28,3759,3130.0
2021-05-29,4803,3380.1
2021-05-30,4528,3543.9
2021-05-31,5485,3939.9
2021-06-01,2230,3797.6
2021-06-02,3440,3938.3
2021-06-03,3886,4018.7
2021-06-04,2631,3857.6
2021-06-05,2817,3573.9
2021-06-06,2671,3308.6
2021-06-07,2419,2870.6
2021-06-08,2662,2932.3
2021-06-09,2680,2823.7
2021-06-10,2310,2598.6
2021-06-11,2290,2549.9
2021-06-12,3277,2615.6
2021-06-13,2804,2634.6
2021-06-14,3355,2768.3
2021-06-15,3000,2816.6
2021-06-16,2331,2766.7
2021-06-17,3129,2883.7
2021-06-18,3058,2993.4
2021-06-19,3667,3049.1
2021-06-20,3682,3174.6
2021-06-21,3175,3148.9
2021-06-22,4059,3300.1
2021-06-23,3174,3420.6
2021-06-24,4108,3560.4
2021-06-25,3644,3644.1
2021-06-26,4161,3714.7
2021-06-27,3995,3759.4
2021-06-28,5406,4078.1
2021-06-29,4662,4164.3
2021-06-30,4786,4394.6
2021-07-01,5533,4598.1
2021-07-02,6087,4947.1
2021-07-03,6230,5242.7
2021-07-04,5916,5517.1
2021-07-05,6166,5625.7
2021-07-06,5420,5734.0
2021-07-07,6519,5981.6
2021-07-08,7058,6199.4
2021-07-09,9276,6655.0
2021-07-10,9326,7097.3
2021-07-11,9539,7614.9
2021-07-12,8656,7970.6
2021-07-13,8685,8437.0
2021-07-14,9317,8836.7
2021-07-15,9186,9140.7
2021-07-16,9692,9200.1
2021-07-17,10082,9308.1
2021-07-18,11397,9573.6
2021-07-19,11784,10020.4
2021-07-20,11305,10394.7
2021-07-21,13002,10921.1
2021-07-22,13655,11559.6
2021-07-23,14575,12257.1
2021-07-24,14260,12854.0
2021-07-25,15335,13416.6
2021-07-26,15376,13929.7
2021-07-27,14150,14336.1
2021-07-28,16533,14840.6
2021-07-29,17669,15414.0
2021-07-30,17345,15809.7
2021-07-31,18912,16474.3
2021-08-01,18027,16858.9
2021-08-02,17970,17229.4
2021-08-03,18901,17908.1
2021-08-04,20200,18432.0
2021-08-05,20920,18896.4
2021-08-06,21379,19472.7
2021-08-07,21838,19890.7
2021-08-08,19983,20170.1
2021-08-09,19603,20403.4
2021-08-10,19843,20538.0
2021-08-11,21038,20657.7
2021-08-12,22782,20923.7
2021-08-13,23418,21215.0
2021-08-14,22086,21250.4
2021-08-15,21882,21521.7
2021-08-16,21157,21743.7
2021-08-17,20128,21784.4
2021-08-18,20515,21709.7
2021-08-19,20902,21441.1
2021-08-20,19851,20931.6
2021-08-21,20571,20715.1
2021-08-22,19014,20305.4
2021-08-23,17491,19781.7
2021-08-24,17165,19358.4
2021-08-25,18417,19058.7
2021-08-26,18501,18715.7
2021-08-27,18702,18551.6
2021-08-28,17984,18182.0
2021-08-29,16536,17828.0
2021-08-30,15972,17611.0
2021-08-31,14666,17254.0
2021-09-01,14802,16737.6
2021-09-02,14956,16231.1
2021-09-03,14653,15652.7
2021-09-04,15942,15361.0
2021-09-05,15452,15206.1
2021-09-06,13988,14922.7
2021-09-07,13821,14802.0
2021-09-08,14176,14712.6
2021-09-09,16031,14866.1
2021-09-10,14403,14830.4
2021-09-11,15191,14723.1
2021-09-12,14029,14519.9
2021-09-13,12583,14319.1
2021-09-14,11786,14028.4
2021-09-15,13798,13974.4
2021-09-16,13897,13669.6
2021-09-17,14555,13691.3
2021-09-18,14109,13536.7
2021-09-19,13576,13472.0
2021-09-20,12709,13490.0
2021-09-21,10919,13366.1
2021-09-22,11252,13002.4
2021-09-23,13256,12910.9
2021-09-24,12697,12645.4
2021-09-25,11975,12340.6
2021-09-26,12353,12165.9
2021-09-27,10288,11820.0
2021-09-28,9489,11615.7
2021-09-29,10414,11496.0
2021-09-30,11646,11266.0
2021-10-01,11754,11131.3
2021-10-02,11375,11045.6
2021-10-03,10828,10827.7
2021-10-04,9930,10776.6
2021-10-05,9869,10830.9
2021-10-06,9866,10752.6
2021-10-07,11200,10688.9
2021-10-08,11140,10601.1
2021-10-09,10630,10494.7
2021-10-10,10817,10493.1
2021-10-11,10035,10508.1
2021-10-12,9445,10447.6
2021-10-13,10064,10475.9
2021-10-14,11276,10486.7
2021-10-15,10486,10393.3
2021-10-16,10648,10395.9
2021-10-17,10863,10402.4
2021-10-18,10111,10413.3
2021-10-19,9122,10367.1
2021-10-20,8918,10203.4
2021-10-21,9727,9982.1
2021-10-22,9810,9885.6
2021-10-23,9742,9756.1
2021-10-24,9351,9540.1
2021-10-25,8675,9335.0
2021-10-26,7706,9132.7
2021-10-27,8452,9066.1
2021-10-28,9658,9056.3
2021-10-29,8968,8936.0
2021-10-30,9224,8862.0
2021-10-31,8859,8791.7
2021-11-01,8165,8718.9
2021-11-02,7574,8700.0
2021-11-03,7679,8589.6
2021-11-04,7980,8349.9
2021-11-05,8150,8233.0
2021-11-06,8467,8124.9
2021-11-07,7960,7996.4
2021-11-08,7592,7914.6
2021-11-09,6904,7818.9
2021-11-10,6978,7718.7
2021-11-11,7496,7649.6
2021-11-12,7305,7528.9
2021-11-13,7057,7327.4
2021-11-14,7079,7201.6
2021-11-15,6343,7023.1
2021-11-16,5947,6886.4
2021-11-17,6524,6821.6
2021-11-18,6901,6736.6
2021-11-19,6855,6672.3
2021-11-20,6595,6606.3
2021-11-21,7006,6595.9
2021-11-22,6428,6608.0
2021-11-23,5126,6490.7
2021-11-24,5857,6395.4
2021-11-25,6335,6314.6
2021-11-26,6559,6272.3
2021-11-27,6073,6197.7
2021-11-28,5854,6033.1
2021-11-29,4753,5793.9
2021-11-30,4306,5676.7
2021-12-01,4886,5538.0
2021-12-02,4971,5343.1
2021-12-03,4912,5107.9
2021-12-04,5896,5082.6
2021-12-05,4704,4918.3
2021-12-06,4000,4810.7
2021-12-07,3525,4699.1
2021-12-08,3618,4518.0
2021-12-09,4203,4408.3
2021-12-10,4193,4305.6
2021-12-11,4079,4046.0
2021-12-12,3787,3915.0
2021-12-13,3398,3829.0
2021-12-14,2862,3734.3
2021-12-15,3370,3698.9
2021-12-16,3684,3624.7
2021-12-17,3537,3531.0
2021-12-18,3132,3395.7
2021-12-19,2899,3268.9
2021-12-20,2525,3144.1
2021-12-21,2476,3089.0
2021-12-22,2532,2969.3
2021-12-23,2940,2863.0
2021-12-24,2671,2739.3
2021-12-25,2766,2687.0
2021-12-26,2532,2634.6
2021-12-27,2437,2622.0
2021-12-28,2305,2597.6
2021-12-29,2575,2603.7
2021-12-30,3037,2617.6
2021-12-31,3111,2680.4
2022-01-01,3011,2715.4
2022-01-02,3112,2798.3
2022-01-03,2927,2868.3
2022-01-04,3091,2980.6
2022-01-05,3899,3169.7
2022-01-06,5775,3560.9
2022-01-07,7526,4191.6
2022-01-08,8263,4941.9
2022-01-09,8511,5713.1
2022-01-10,7926,6427.3
2022-01-11,7133,7004.7
2022-01-12,7681,7545.0
2022-01-13,8167,7886.7
2022-01-14,8158,7977.0
2022-01-15,7793,7909.9
2022-01-16,8077,7847.9
2022-01-17,6929,7705.4
2022-01-18,6397,7600.3
2022-01-19,7122,7520.4
2022-01-20,8129,7515.0
2022-01-21,8640,7583.9
2022-01-22,8112,7629.4
2022-01-23,7686,7573.6
2022-01-24,7139,7603.6
2022-01-25,6718,7649.4
2022-01-26,7587,7715.9
2022-01-27,8078,7708.6
2022-01-28,8450,7681.4
2022-01-29,8618,7753.7
2022-01-30,8444,7862.0
2022-01-31,8008,7986.1
2022-02-01,7422,8086.7
2022-02-02,8587,8229.6
2022-02-03,9172,8385.9
2022-02-04,9909,8594.3
2022-02-05,10490,8861.7
2022-02-06,10879,9209.6
2022-02-07,10470,9561.3
2022-02-08,10398,9986.4
2022-02-09,13182,10642.9
2022-02-10,14822,11450.0
2022-02-11,15242,12211.9
2022-02-12,16330,13046.1
2022-02-13,15882,13760.9
2022-02-14,14900,14393.7
2022-02-15,14373,14961.6
2022-02-16,16462,15430.1
2022-02-17,17349,15791.1
2022-02-18,18066,16194.6
2022-02-19,18885,16559.6
2022-02-20,18953,16998.3
2022-02-21,18883,17567.3
2022-02-22,18363,18137.3
2022-02-23,21232,18818.7
2022-02-24,23557,19705.6
2022-02-25,24932,20686.4
2022-02-26,25615,21647.9
2022-02-27,24719,22471.6
2022-02-28,22311,22961.3
2022-03-01,20420,23255.1
2022-03-02,22197,23393.0
2022-03-03,23618,23401.7
2022-03-04,23834,23244.9
2022-03-05,22818,22845.3
2022-03-06,21881,22439.9
2022-03-07,21162,22275.7
2022-03-08,18943,22064.7
2022-03-09,22073,22047.0
2022-03-10,22984,21956.4
2022-03-11,24792,22093.3
2022-03-12,24592,22346.7
2022-03-13,23584,22590.0
2022-03-14,22130,22728.3
2022-03-15,19742,22842.4
2022-03-16,23945,23109.9
2022-03-17,25456,23463.0
2022-03-18,27071,23788.6
2022-03-19,25804,23961.7
2022-03-20,24996,24163.4
2022-03-21,23441,24350.7
2022-03-22,21382,24585.0
2022-03-23,25164,24759.1
2022-03-24,27024,24983.1
2022-03-25,26050,24837.3
2022-03-26,26234,24898.7
2022-03-27,25821,25016.6
2022-03-28,24635,25187.1
2022-03-29,21678,25229.4
2022-03-30,25389,25261.6
2022-03-31,27560,25338.1
2022-04-01,28379,25670.9
2022-04-02,28029,25927.3
2022-04-03,26840,26072.9
2022-04-04,24892,26109.6
2022-04-05,21088,26025.3
2022-04-06,24252,25862.9
2022-04-07,26081,25651.6
2022-04-08,25140,25188.9
2022-04-09,25298,24798.7
2022-04-10,25139,24555.7
2022-04-11,22387,24197.9
2022-04-12,19982,24039.9
2022-04-13,23015,23863.1
2022-04-14,24134,23585.0
2022-04-15,20289,22892.0
2022-04-16,18892,21976.9
2022-04-17,17775,20924.9
2022-04-18,16994,20154.4
2022-04-19,16891,19712.9
2022-04-20,20455,19347.1
2022-04-21,21931,19032.4
2022-04-22,21808,19249.4
2022-04-23,20052,19415.1
2022-04-24,17784,19416.4
2022-04-25,14994,19130.7
2022-04-26,13816,18691.4
2022-04-27,14887,17896.0
2022-04-28,14437,16825.4
2022-04-29,14053,15717.6
2022-04-30,12888,14694.1
2022-05-01,11535,13801.4
